1.1758,1.1799,1.1824,1.1715,-0.32
1.1796,1.1766,1.1816,1.1765,0.2
1.1772,1.1867,1.1893,1.1727,-0.83
1.187,1.1854,1.1894,1.1829,0.12
1.1856,1.18,1.1911,1.1792,0.46
1.1802,1.184,1.1845,1.1784,-0.34
1.1842,1.1735,1.1847,1.1721,0.77
1.1752,1.1675,1.1765,1.1669,0.64
1.1677,1.1733,1.1777,1.1648,-0.49
1.1734,1.1646,1.1741,1.1611,0.7
1.1652,1.1638,1.1712,1.1629,0.09
1.1642,1.1658,1.1688,1.1624,-0.18
1.1663,1.1632,1.1684,1.1618,0.28
1.1631,1.1511,1.1657,1.1477,1.0
1.1516,1.1552,1.1559,1.1508,-0.34
1.1555,1.1477,1.1585,1.147,0.66
1.1479,1.1462,1.1487,1.1433,0.09
1.1469,1.1398,1.1473,1.139,0.61
1.1399,1.1409,1.1459,1.1369,-0.11
1.1412,1.1465,1.1491,1.139,-0.48
1.1467,1.1397,1.1482,1.1381,0.59
1.14,1.139,1.1418,1.138,-0.01
1.1401,1.1422,1.144,1.1378,-0.19
1.1423,1.135,1.1425,1.1328,0.62
1.1353,1.1344,1.1369,1.1311,0.07
1.1345,1.1363,1.138,1.1335,-0.17
1.1364,1.1418,1.1431,1.1353,-0.54
1.1426,1.1439,1.1448,1.139,-0.13
1.1441,1.1375,1.1446,1.1372,0.55
1.1378,1.1337,1.1392,1.129,0.34
1.1339,1.1181,1.1351,1.1176,1.4
1.1182,1.1199,1.1222,1.117,-0.11
1.1194,1.115,1.1211,1.1143,0.37
1.1153,1.1165,1.1179,1.1138,-0.13
1.1168,1.1131,1.1171,1.1126,0.3
1.1135,1.1147,1.1165,1.1117,-0.12
1.1148,1.1198,1.1214,1.1141,-0.45
1.1198,1.1142,1.1201,1.1137,0.48
1.1145,1.1217,1.1231,1.113,-0.65
1.1218,1.1209,1.1296,1.119,0.02
1.1216,1.1202,1.1225,1.1183,0.12
1.1203,1.1193,1.1235,1.119,0.06
1.1196,1.1213,1.124,1.1165,-0.16
1.1214,1.1255,1.127,1.1193,-0.38
1.1257,1.1275,1.1284,1.1203,-0.19
1.1278,1.1251,1.1285,1.1238,0.2
1.1255,1.1277,1.1285,1.1233,-0.24
1.1282,1.1211,1.1287,1.1203,0.62
1.1213,1.124,1.1258,1.1201,-0.27
1.1243,1.1184,1.1255,1.1163,0.52
1.1185,1.1163,1.1207,1.1108,0.18
1.1165,1.1177,1.1192,1.1159,-0.16
1.1183,1.121,1.1235,1.1158,-0.25
1.1211,1.1217,1.1252,1.1192,-0.07
1.1219,1.1182,1.1222,1.1167,0.32
1.1183,1.1235,1.1268,1.1172,-0.49
1.1238,1.12,1.1265,1.116,0.28
1.1207,1.11,1.1214,1.1094,0.94
1.1103,1.1158,1.1173,1.1073,-0.5
1.1159,1.1082,1.1163,1.1078,0.69
1.1082,1.0975,1.1098,1.0971,0.97
1.0975,1.0924,1.0991,1.092,0.4
1.0931,1.086,1.0937,1.0854,0.64
1.0861,1.0868,1.0894,1.0838,-0.06
1.0868,1.0872,1.09,1.0851,-0.06
1.0874,1.0922,1.0935,1.0861,-0.46
1.0924,1.0996,1.1024,1.0915,-0.67
1.0998,1.0988,1.1002,1.0948,0.13
1.0984,1.0884,1.0987,1.0873,0.91
1.0885,1.0927,1.0939,1.088,-0.41
1.093,1.0898,1.0936,1.0886,0.28
1.0899,1.0905,1.0924,1.0882,0.02
1.0897,1.0875,1.0949,1.0855,0.22
1.0873,1.0902,1.0933,1.085,-0.28
1.0903,1.0924,1.0951,1.0855,-0.21
1.0926,1.0867,1.0951,1.085,0.53
1.0868,1.0889,1.0936,1.0819,1.3
1.0728,1.0717,1.0739,1.068,0.1
1.0717,1.0708,1.078,1.0706,0.06
1.0711,1.0728,1.0738,1.0698,-0.21
1.0734,1.0642,1.0737,1.0635,0.86
1.0643,1.0612,1.0674,1.06,0.29
1.0612,1.0613,1.0633,1.0604,-0.02
1.0614,1.0662,1.0679,1.0607,-0.49
1.0666,1.0604,1.0677,1.0587,0.6
1.0602,1.0594,1.0631,1.0577,0.06
1.0596,1.059,1.0609,1.0568,0.06
1.059,1.0642,1.0668,1.0578,-0.51
1.0644,1.0661,1.0687,1.0627,-0.18
1.0663,1.0671,1.069,1.0632,-0.1
1.0674,1.0667,1.0678,1.0634,0.03
1.0671,1.0658,1.0683,1.0641,0.18
1.0652,1.0672,1.0705,1.0649,-0.22
1.0675,1.0764,1.0772,1.0669,-0.85
1.0767,1.081,1.0827,1.0738,-0.43
1.0813,1.0863,1.0873,1.0796,-0.48
1.0865,1.0796,1.0905,1.0794,0.61
1.0799,1.0782,1.082,1.0759,0.15
1.0783,1.0794,1.0807,1.0766,-0.13
1.0797,1.0808,1.0827,1.0774,-0.13
1.0811,1.0737,1.0822,1.0717,0.67
1.0739,1.0738,1.0779,1.0723,0.01
1.0738,1.0763,1.0784,1.0726,-0.26
1.0766,1.0732,1.0772,1.0704,0.29
1.0735,1.0602,1.0742,1.0601,1.24
1.0604,1.0653,1.0664,1.0597,-0.47
1.0654,1.0671,1.0715,1.0649,-0.17
1.0672,1.0574,1.0702,1.0569,0.9
1.0577,1.0539,1.0617,1.0523,0.34
1.0541,1.0564,1.0576,1.0533,-0.24
1.0566,1.0582,1.0603,1.0556,-0.14
1.0581,1.0614,1.0643,1.0572,-0.38
1.0621,1.061,1.0621,1.06,-0.02
1.0623,1.0505,1.0626,1.0499,1.1
1.0507,1.0546,1.0552,1.0492,-0.39
1.0548,1.0573,1.059,1.0513,-0.27
1.0577,1.0585,1.0632,1.0568,-0.1
1.0588,1.056,1.0633,1.0549,0.33
1.0553,1.0564,1.0565,1.0552,-0.09
1.0563,1.058,1.062,1.0554,-0.17
1.0581,1.0555,1.0597,1.0536,0.24
1.0556,1.0533,1.0574,1.0492,0.18
1.0537,1.0609,1.0618,1.0524,-0.73
1.0614,1.0614,1.0637,1.0601,-0.1
1.0625,1.0609,1.0633,1.0606,0.1
1.0614,1.0672,1.0679,1.0602,-0.56
1.0674,1.0598,1.0682,1.0586,0.69
1.0601,1.0574,1.0611,1.052,0.23
1.0577,1.0596,1.0634,1.0559,-0.2
1.0598,1.0632,1.0658,1.059,-0.2
1.0619,1.0629,1.0637,1.0617,-0.21
1.0641,1.0655,1.067,1.0606,-0.14
1.0656,1.0697,1.0711,1.0648,-0.39
1.0698,1.0681,1.0715,1.0638,0.16
1.0681,1.0749,1.0751,1.0653,-0.64
1.075,1.078,1.0801,1.0702,-0.31
1.0783,1.079,1.0793,1.0778,-0.01
1.0784,1.0756,1.08,1.0711,0.24
1.0758,1.0766,1.0829,1.0752,-0.1
1.0769,1.0796,1.081,1.0729,-0.27
1.0798,1.0692,1.0814,1.0681,0.96
1.0695,1.0689,1.0742,1.0617,-0.21
1.0718,1.0723,1.0723,1.0708,0.18
1.0699,1.068,1.0729,1.0656,0.16
1.0682,1.0744,1.0767,1.0655,-0.61
1.0748,1.073,1.0773,1.0709,0.16
1.0731,1.0762,1.0775,1.0717,-0.32
1.0765,1.0683,1.0773,1.0682,0.49
1.0713,1.0703,1.0717,1.0695,0.09
1.0703,1.0663,1.0713,1.0623,0.37
1.0664,1.0628,1.0677,1.0587,0.31
1.0631,1.0712,1.0716,1.0624,-0.77
1.0714,1.0598,1.0719,1.0593,1.05
1.0603,1.0615,1.0638,1.0577,-0.23
1.0627,1.0615,1.0636,1.0609,-0.16
1.0644,1.0609,1.0674,1.0595,0.29
1.0613,1.058,1.0687,1.057,0.29
1.0582,1.0554,1.0624,1.0452,0.27
1.0554,1.0571,1.0628,1.0549,-0.19
1.0574,1.0537,1.0584,1.0508,0.42
1.053,1.0531,1.0536,1.0526,-0.03
1.0533,1.0603,1.0624,1.052,-0.7
1.0607,1.0489,1.0619,1.0478,1.13
1.0488,1.0403,1.0501,1.0387,0.79
1.0406,1.0453,1.0492,1.0339,-0.51
1.0459,1.0529,1.0534,1.0446,-0.64
1.0526,1.052,1.0532,1.0518,0.1
1.0516,1.0489,1.0654,1.0479,0.23
1.0492,1.0416,1.0494,1.0404,0.77
1.0412,1.0454,1.0483,1.0369,-0.43
1.0457,1.0451,1.0465,1.0429,0.01
1.0456,1.0451,1.0473,1.0436,0.02
1.0454,1.0453,1.0461,1.0449,-0.02
1.0456,1.0435,1.047,1.0424,0.18
1.0437,1.0421,1.0501,1.0419,0.12
1.0425,1.0388,1.0453,1.038,0.37
1.0387,1.0403,1.0419,1.035,-0.14
1.0402,1.0442,1.0479,1.039,-0.43
1.0447,1.044,1.0457,1.0438,-0.04
1.0451,1.0415,1.0477,1.0398,0.36
1.0414,1.0534,1.0544,1.0364,-1.16
1.0536,1.0625,1.0671,1.0494,-0.86
1.0627,1.0633,1.0668,1.0601,-0.08
1.0635,1.055,1.0652,1.0523,0.83
1.0547,1.0534,1.0552,1.0533,-0.14
1.0562,1.0615,1.0632,1.0528,-0.5
1.0615,1.0753,1.0873,1.0595,-1.28
1.0753,1.0719,1.077,1.0707,0.32
1.0719,1.0762,1.0787,1.0696,-0.42
1.0764,1.0672,1.0798,1.0503,1.86
1.0567,1.0629,1.0652,1.0507,-0.99
1.0673,1.066,1.0692,1.0623,0.1
1.0662,1.0588,1.067,1.0582,0.7
1.0588,1.0646,1.0669,1.0551,-0.58
1.065,1.0612,1.0657,1.0562,0.33
1.0615,1.0594,1.0686,1.0561,0.06
1.0609,1.061,1.0612,1.0595,0.21
1.0587,1.0548,1.0631,1.0535,0.31
1.0554,1.0552,1.0587,1.0515,-0.05
1.0559,1.0626,1.0647,1.0523,-0.63
1.0626,1.0625,1.066,1.0581,-0.04
1.063,1.0581,1.0652,1.0576,0.44
1.0583,1.0593,1.0595,1.0579,-0.05
1.0588,1.0622,1.0645,1.0567,-0.36
1.0626,1.0689,1.0746,1.0616,-0.6
1.069,1.072,1.0763,1.0663,-0.29
1.0721,1.0734,1.0817,1.071,-0.15
1.0737,1.0847,1.0852,1.0706,-0.79
1.0823,1.0835,1.084,1.0819,-0.3
1.0856,1.0891,1.0929,1.0827,-0.34
1.0893,1.0907,1.0958,1.0862,-0.16
1.091,1.1023,1.13,1.0902,-1.05
1.1026,1.1039,1.107,1.1005,-0.13
1.104,1.1134,1.1139,1.1026,-0.5
1.1095,1.1061,1.11,1.1061,-0.39
1.1138,1.1102,1.1146,1.1077,0.3
1.1105,1.1096,1.1128,1.1057,0.07
1.1097,1.1053,1.1125,1.1048,0.37
1.1056,1.0979,1.1072,1.0956,0.68
1.0981,1.0984,1.0994,1.0934,-0.02
1.0983,1.0991,1.0991,1.0976,-0.04
1.0987,1.0895,1.0995,1.0889,0.83
1.0897,1.0906,1.0945,1.0881,-0.11
1.0909,1.0887,1.0947,1.087,0.19
1.0888,1.088,1.0906,1.0848,0.05
1.0883,1.0876,1.0903,1.0858,0.03
1.088,1.0882,1.0884,1.0873,-0.04
1.0884,1.0927,1.0933,1.0857,-0.42
1.093,1.0972,1.1041,1.0914,-0.4
1.0974,1.0979,1.1005,1.0953,-0.05
1.098,1.0998,1.1029,1.0967,-0.17
1.0999,1.0972,1.1011,1.0962,0.3
1.0966,1.0969,1.0974,1.0966,-0.05
1.0971,1.1054,1.1062,1.0966,-0.78
1.1057,1.1004,1.1058,1.0982,0.45
1.1008,1.1051,1.1072,1.1001,-0.42
1.1054,1.1135,1.1144,1.1046,-0.75
1.1138,1.1195,1.1202,1.1127,-0.51
1.1195,1.118,1.1204,1.118,-0.05
1.1201,1.1149,1.1207,1.1101,0.45
1.1151,1.1203,1.1214,1.1137,-0.48
1.1205,1.1202,1.1238,1.1187,0.01
1.1204,1.1208,1.124,1.1135,-0.06
1.1211,1.1233,1.1245,1.1203,-0.2
1.1233,1.1229,1.1244,1.1228,-0.07
1.1241,1.1222,1.1253,1.115,0.16
1.1223,1.1215,1.1251,1.1195,0.06
1.1216,1.1212,1.1238,1.1179,0.01
1.1215,1.1251,1.1262,1.1188,-0.35
1.1254,1.1221,1.1279,1.1219,0.14
1.1238,1.1229,1.1241,1.1224,0.11
1.1226,1.1205,1.1244,1.1191,0.17
1.1207,1.1192,1.1258,1.1181,0.16
1.1189,1.1148,1.12,1.1119,0.3
1.1155,1.1176,1.1216,1.1144,-0.17
1.1174,1.116,1.1198,1.1146,0.14
1.1158,1.1154,1.116,1.1153,0.03
1.1155,1.1242,1.1256,1.1145,-0.79
1.1244,1.1246,1.1286,1.1217,-0.05
1.125,1.1215,1.1274,1.1207,0.27
1.122,1.1233,1.1262,1.12,-0.12
1.1234,1.123,1.1269,1.1209,-0.05
1.124,1.1237,1.124,1.123,0.06
1.1233,1.1259,1.1288,1.1197,-0.25
1.1261,1.1237,1.1329,1.1231,0.2
1.1239,1.1253,1.1271,1.1226,-0.15
1.1256,1.1144,1.1266,1.1137,0.98
1.1147,1.1149,1.1185,1.1137,-0.11
1.1159,1.1159,1.1159,1.1153,0.03
1.1156,1.1194,1.1254,1.1148,-0.38
1.1198,1.1155,1.1207,1.1126,0.36
1.1158,1.1141,1.1167,1.1121,0.13
1.1143,1.1187,1.1198,1.1128,-0.41
1.1189,1.1191,1.1208,1.1156,-0.07
1.1197,1.1181,1.1201,1.118,-0.01
1.1198,1.1281,1.1343,1.1177,-0.75
1.1283,1.1262,1.1301,1.1254,0.18
1.1263,1.1303,1.1316,1.1242,-0.38
1.1306,1.1318,1.1357,1.1299,-0.11
1.1319,1.1302,1.1334,1.1269,0.19
1.1298,1.131,1.1322,1.1295,-0.25
1.1326,1.135,1.1363,1.1302,-0.25
1.1354,1.1291,1.1367,1.1281,0.58
1.1288,1.1276,1.1318,1.1239,0.09
1.1278,1.118,1.1324,1.1173,0.84
1.1184,1.1161,1.1203,1.1152,0.18
1.1164,1.1169,1.117,1.1157,0.03
1.1161,1.1136,1.1224,1.1127,0.22
1.1137,1.1173,1.1194,1.1131,-0.36
1.1177,1.1115,1.1193,1.11,0.52
1.1119,1.1087,1.1124,1.1067,0.23
1.1093,1.1085,1.1107,1.107,0.05
1.1087,1.1082,1.1094,1.108,0.02
1.1085,1.1127,1.1162,1.1043,-0.4
1.113,1.1147,1.1158,1.1112,-0.17
1.1149,1.1222,1.1233,1.1137,-0.69
1.1227,1.116,1.1236,1.1153,0.58
1.1162,1.1173,1.1186,1.1153,-0.04
1.1167,1.1175,1.1184,1.1166,-0.06
1.1174,1.1075,1.12,1.1067,0.88
1.1076,1.1056,1.1119,1.1047,0.16
1.1058,1.0982,1.1067,1.0959,0.65
1.0987,1.0995,1.1031,1.0976,-0.06
1.0994,1.0968,1.1002,1.095,0.23
1.0969,1.0973,1.0977,1.0964,-0.06
1.0976,1.1027,1.1042,1.0951,-0.44
1.1025,1.1011,1.106,1.0979,0.09
1.1015,1.1018,1.1032,1.0979,-0.06
1.1022,1.1072,1.1086,1.0998,-0.47
1.1074,1.104,1.1086,1.1035,0.16
1.1056,1.105,1.1061,1.1045,0.18
1.1036,1.1116,1.115,1.1021,-0.76
1.112,1.1087,1.1166,1.1083,0.27
1.109,1.1059,1.1121,1.1041,0.28
1.1059,1.1056,1.1127,1.1048,0.01
1.1058,1.105,1.1076,1.1014,0.13
1.1044,1.105,1.1054,1.1042,-0.1
1.1055,1.106,1.1115,1.0999,-0.07
1.1063,1.1097,1.1113,1.1049,-0.32
1.1099,1.1074,1.1112,1.1029,0.21
1.1076,1.1153,1.1184,1.1058,-0.72
1.1156,1.114,1.1166,1.1095,0.25
1.1128,1.113,1.1138,1.1126,-0.07
1.1136,1.1103,1.1169,1.1069,0.28
1.1105,1.1123,1.1157,1.1022,-0.18
1.1125,1.1063,1.1131,1.1046,0.53
1.1066,1.1024,1.1112,1.1006,0.36
1.1026,1.1068,1.1087,1.0968,-0.13
1.104,1.101,1.1075,1.1008,-0.69
1.1117,1.139,1.1434,1.0909,-2.38
1.1388,1.1294,1.1424,1.1293,0.81
1.1297,1.124,1.1339,1.1234,0.49
1.1242,1.131,1.1351,1.1239,-0.64
1.1314,1.1281,1.1386,1.128,-0.29
1.1347,1.1334,1.1358,1.1308,0.62
1.1277,1.1223,1.1299,1.1218,0.45
1.1226,1.1257,1.1298,1.1129,-0.29
1.1259,1.1203,1.1299,1.1188,0.46
1.1208,1.1291,1.1304,1.1186,-0.74
1.1292,1.1251,1.1304,1.1231,0.47
1.1239,1.1251,1.1254,1.1235,-0.11
1.1251,1.1315,1.1329,1.1243,-0.57
1.1316,1.1397,1.1417,1.1303,-0.68
1.1394,1.1356,1.1412,1.1347,0.32
1.1358,1.1353,1.1382,1.1336,0.03
1.1355,1.1349,1.1396,1.1325,0.04
1.1351,1.1356,1.1372,1.1345,-0.14
1.1367,1.115,1.1377,1.1134,1.94
1.1151,1.1187,1.1221,1.114,-0.33
1.1188,1.113,1.1198,1.1111,0.5
1.1132,1.1135,1.1176,1.112,-0.13
1.1146,1.1114,1.1148,1.1096,0.34
1.1108,1.1114,1.1115,1.1107,-0.06
1.1115,1.1192,1.1201,1.1106,-0.71
1.1194,1.1152,1.1218,1.1142,0.35
1.1155,1.1139,1.1169,1.1126,0.13
1.1141,1.1218,1.1228,1.1129,-0.7
1.1219,1.1215,1.1246,1.1184,-0.02
1.1221,1.1212,1.1223,1.1212,-0.03
1.1224,1.1202,1.1239,1.1192,0.19
1.1203,1.1215,1.123,1.1178,-0.12
1.1217,1.1311,1.1327,1.121,-0.86
1.1314,1.1318,1.135,1.13,-0.05
1.132,1.1307,1.1345,1.1299,0.02
1.1318,1.1313,1.1319,1.1303,0.09
1.1308,1.1375,1.1383,1.1281,-0.61
1.1377,1.1424,1.1434,1.1366,-0.44
1.1427,1.1371,1.1448,1.1366,0.48
1.1372,1.1381,1.1413,1.1357,-0.1
1.1383,1.1399,1.1422,1.1373,-0.02
1.1385,1.1397,1.1401,1.1384,-0.18
1.1405,1.1405,1.1479,1.1384,0.0
1.1405,1.1485,1.1496,1.1384,-0.71
1.1487,1.1494,1.153,1.1465,-0.09
1.1497,1.1531,1.1616,1.1493,-0.3
1.1532,1.1444,1.1539,1.1443,0.61
1.1462,1.1461,1.1466,1.1453,0.05
1.1456,1.1352,1.1461,1.1333,0.91
1.1353,1.1318,1.137,1.1294,0.28
1.1321,1.1295,1.1363,1.1271,0.19
1.1299,1.1264,1.1339,1.1254,0.29
1.1266,1.1228,1.128,1.1213,0.3
1.1232,1.1219,1.1234,1.1219,-0.02
1.1234,1.1287,1.1312,1.1216,-0.48
1.1288,1.1295,1.1396,1.127,-0.08
1.1297,1.1354,1.1388,1.1286,-0.54
1.1358,1.1312,1.1387,1.13,0.39
1.1314,1.1295,1.1334,1.1272,0.27
1.1283,1.1268,1.132,1.1243,0.13
1.1268,1.1272,1.1296,1.1232,-0.05
1.1274,1.1383,1.1393,1.1264,-0.98
1.1386,1.1406,1.1466,1.1345,-0.19
1.1408,1.1405,1.1448,1.1371,0.06
1.1401,1.1376,1.1421,1.1347,0.21
1.1377,1.1396,1.1455,1.1335,-0.19
1.1399,1.1382,1.1434,1.1325,0.13
1.1384,1.1387,1.1406,1.1334,-0.07
1.1392,1.1391,1.1414,1.1355,0.04
1.1387,1.1378,1.1439,1.1332,0.06
1.138,1.1336,1.1413,1.1307,0.37
1.1338,1.1288,1.1366,1.1279,0.42
1.1291,1.1196,1.1305,1.1166,0.85
1.1196,1.1161,1.1221,1.1151,0.27
1.1166,1.1173,1.1189,1.115,-0.07
1.1174,1.1178,1.1188,1.1142,-0.09
1.1184,1.1217,1.1224,1.1157,-0.29
1.1217,1.1242,1.1263,1.1187,-0.21
1.1241,1.1268,1.1286,1.1233,-0.26
1.127,1.1316,1.1339,1.1254,-0.43
1.1319,1.1222,1.1344,1.1203,0.84
1.1225,1.1107,1.1245,1.1055,1.04
1.1109,1.1099,1.1125,1.107,0.03
1.1106,1.1149,1.1177,1.1074,-0.42
1.1153,1.1174,1.1212,1.1078,-0.21
1.1177,1.0997,1.1218,1.082,1.62
1.0999,1.101,1.1037,1.0944,-0.11
1.1011,1.1012,1.1059,1.099,-0.03
1.1014,1.1006,1.1027,1.0938,0.09
1.1004,1.0955,1.1045,1.09,0.43
1.0957,1.0865,1.0974,1.0851,0.82
1.0868,1.0866,1.0881,1.0823,0.01
1.0867,1.087,1.0896,1.0832,-0.06
1.0873,1.093,1.0964,1.0856,-0.56
1.0934,1.1017,1.1071,1.091,-0.81
1.1023,1.1011,1.1052,1.0985,0.09
1.1013,1.1017,1.1047,1.0955,-0.06
1.102,1.1027,1.1055,1.0987,-0.08
1.1029,1.1125,1.1137,1.1,-0.95
1.1135,1.1105,1.114,1.1064,0.25
1.1107,1.1126,1.1153,1.1068,-0.19
1.1128,1.1142,1.118,1.1103,-0.14
1.1144,1.1152,1.1196,1.112,-0.1
1.1155,1.1249,1.1253,1.1125,-0.93
1.126,1.1325,1.1335,1.1212,-0.57
1.1324,1.1289,1.1378,1.1271,0.3
1.129,1.1291,1.1311,1.1158,-0.03
1.1293,1.1195,1.1339,1.1161,0.85
1.1198,1.1156,1.1218,1.1084,0.35
1.1159,1.1206,1.1246,1.1107,-0.44
1.1208,1.1102,1.124,1.1068,0.94
1.1104,1.0916,1.1146,1.0902,1.69
1.0919,1.0888,1.0943,1.0882,0.28
1.0889,1.0831,1.0915,1.0812,0.48
1.0837,1.0936,1.0951,1.0809,-0.93
1.0939,1.0889,1.0969,1.0867,0.42
1.0893,1.0869,1.0917,1.0849,0.19
1.0872,1.0847,1.0876,1.0817,0.21
1.0849,1.0797,1.0858,1.0786,0.48
1.0797,1.0871,1.0879,1.0787,-0.71
1.0874,1.0891,1.0922,1.0777,-0.16
1.0891,1.0908,1.0977,1.0875,-0.16
1.0909,1.0889,1.0941,1.0858,0.15
1.0893,1.0916,1.094,1.0867,-0.22
1.0917,1.0863,1.0987,1.0852,0.48
1.0865,1.0878,1.0945,1.0833,-0.11
1.0877,1.0854,1.0891,1.0803,0.18
1.0857,1.0856,1.0903,1.0818,-0.03
1.086,1.0922,1.0969,1.0846,-0.66
1.0932,1.0931,1.0936,1.0801,-0.04
1.0936,1.0778,1.0941,1.0769,1.44
1.0781,1.0746,1.0802,1.0718,0.31
1.0748,1.0829,1.084,1.0709,-0.78
1.0832,1.0856,1.0949,1.078,-0.26
1.086,1.086,1.0869,1.0843,0.0
1.086,1.0932,1.0938,1.085,-0.67
1.0933,1.0917,1.0947,1.09,0.15
1.0917,1.0967,1.0992,1.0898,-0.46
1.0968,1.0962,1.0995,1.0948,-0.08
1.0977,1.0969,1.0979,1.0941,0.04
1.0973,1.0909,1.0976,1.0899,0.58
1.091,1.0954,1.0958,1.0869,-0.41
1.0955,1.0913,1.0984,1.0901,0.37
1.0915,1.0861,1.094,1.0846,0.43
1.0868,1.0825,1.0877,1.0803,0.4
1.0825,1.0914,1.0916,1.0799,-0.81
1.0913,1.0931,1.1007,1.0886,-0.14
1.0928,1.0991,1.1059,1.0903,-0.58
1.0992,1.0983,1.105,1.0944,0.02
1.099,1.094,1.1033,1.0924,0.46
1.094,1.1026,1.1029,1.0924,-0.77
1.1025,1.0888,1.1041,1.0877,1.2
1.0894,1.0835,1.0901,1.0827,0.54
1.0836,1.0858,1.0888,1.0794,-0.46
1.0886,1.0937,1.0958,1.0834,-0.5
1.0941,1.0613,1.0983,1.0538,3.07
1.0615,1.0629,1.0644,1.0549,-0.16
1.0632,1.0566,1.0637,1.0561,0.64
1.0564,1.0589,1.0596,1.0556,-0.27
1.0593,1.0607,1.064,1.0567,-0.17
1.0611,1.0626,1.0634,1.0598,-0.15
1.0627,1.0641,1.069,1.0565,-0.13
1.0641,1.0633,1.0674,1.0619,0.05
1.0636,1.0645,1.0658,1.0591,-0.09
1.0646,1.0733,1.0745,1.0638,-0.82
1.0734,1.0655,1.0764,1.0652,0.7
1.0659,1.0639,1.0694,1.0615,0.14
1.0644,1.0687,1.0696,1.0629,-0.4
1.0687,1.0749,1.078,1.0672,-0.85
1.0779,1.0813,1.0818,1.0713,-0.35
1.0817,1.0743,1.0829,1.0689,0.68
1.0744,1.0723,1.0774,1.0704,0.2
1.0723,1.0751,1.0763,1.0673,-0.27
1.0752,1.0735,1.0793,1.0716,0.1
1.0741,1.0883,1.0896,1.0706,-1.3
1.0883,1.0863,1.0898,1.0832,0.19
1.0862,1.0962,1.0967,1.0842,-0.96
1.0967,1.1013,1.1032,1.0935,-0.44
1.1015,1.1013,1.1053,1.0999,0.09
1.1005,1.0975,1.1073,1.0964,0.26
1.0977,1.0923,1.0984,1.0903,0.52
1.092,1.105,1.1096,1.0894,-1.17
1.1049,1.1055,1.1079,1.1029,-0.07
1.1057,1.1007,1.1068,1.0987,0.35
1.1018,1.1107,1.1142,1.0993,-0.79
1.1106,1.1338,1.1352,1.1098,-2.05
1.1339,1.1344,1.138,1.1332,-0.05
1.1345,1.1324,1.1387,1.1322,0.16
1.1327,1.1349,1.1382,1.1304,-0.17
1.1346,1.1382,1.1398,1.1333,-0.33
1.1383,1.1473,1.1496,1.1362,-0.79
1.1474,1.1378,1.1489,1.1374,0.83
1.1379,1.1355,1.1413,1.1343,0.2
1.1356,1.1354,1.1397,1.1351,-0.02
1.1358,1.1278,1.1391,1.1265,0.7
1.1279,1.1234,1.1325,1.1231,0.38
1.1236,1.1269,1.1283,1.121,-0.32
1.1272,1.1189,1.1282,1.117,0.78
1.1185,1.1219,1.1289,1.117,-0.23
1.1211,1.1194,1.1319,1.1149,0.14
1.1195,1.1175,1.1209,1.1133,0.16
1.1177,1.1245,1.1262,1.1156,-0.64
1.1249,1.1243,1.1285,1.1192,0.04
1.1245,1.1193,1.1249,1.1146,0.45
1.1195,1.1227,1.1231,1.1114,-0.31
1.123,1.1184,1.1296,1.1163,0.39
1.1186,1.1119,1.1215,1.1103,0.59
1.112,1.1186,1.1209,1.1112,-0.62
1.1189,1.1281,1.1333,1.118,-1.03
1.1305,1.1435,1.146,1.1267,-1.15
1.1437,1.1289,1.1442,1.1283,1.31
1.1289,1.1266,1.1321,1.1212,0.2
1.1266,1.1313,1.1328,1.1257,-0.49
1.1321,1.1335,1.1375,1.1282,-0.17
1.134,1.1278,1.1349,1.1253,0.53
1.128,1.1205,1.1299,1.117,0.65
1.1207,1.1199,1.1219,1.113,0.06
1.12,1.1169,1.1228,1.1151,0.3
1.1167,1.1157,1.1178,1.112,0.18
1.1147,1.1123,1.1181,1.1088,0.22
1.1123,1.1224,1.1245,1.1086,-0.92
1.1226,1.1311,1.132,1.1214,-0.82
1.1319,1.1209,1.1333,1.1204,0.93
1.1215,1.1173,1.1264,1.1159,0.32
1.1179,1.1246,1.1309,1.1155,-0.59
1.1245,1.1312,1.1366,1.1202,-0.63
1.1316,1.1515,1.1562,1.1289,-1.75
1.1517,1.1616,1.1625,1.1396,-0.89
1.162,1.1361,1.1713,1.1361,2.03
1.1389,1.1242,1.1394,1.1226,1.32
1.1241,1.1117,1.1245,1.1105,1.1
1.1119,1.102,1.1137,1.1017,0.89
1.1021,1.108,1.1096,1.1015,-0.54
1.1081,1.1105,1.1125,1.1057,-0.23
1.1106,1.1148,1.1188,1.1096,-0.39
1.1149,1.1156,1.1189,1.1079,-0.07
1.1157,1.1039,1.1213,1.1023,1.06
1.104,1.1019,1.1088,1.0959,0.19
1.1019,1.0966,1.1044,1.0924,0.46
1.0969,1.0927,1.0981,1.0854,0.4
1.0925,1.0907,1.0944,1.0874,0.17
1.0906,1.0881,1.0938,1.0847,0.23
1.0881,1.095,1.099,1.0876,-0.64
1.0951,1.0968,1.0997,1.094,-0.34
1.0988,1.0933,1.1114,1.092,0.5
1.0933,1.0985,1.0992,1.0892,-0.48
1.0986,1.1059,1.1086,1.0965,-0.66
1.1059,1.1087,1.11,1.102,-0.32
1.1094,1.0971,1.1131,1.0967,1.0
1.0984,1.0981,1.0997,1.0924,0.02
1.0982,1.0927,1.1019,1.092,0.44
1.0934,1.0935,1.0966,1.0869,-0.03
1.0937,1.0824,1.097,1.081,1.02
1.0827,1.0831,1.0872,1.0808,-0.03
1.083,1.0873,1.0908,1.0826,-0.42
1.0876,1.0946,1.0963,1.0854,-0.67
1.0949,1.1009,1.1036,1.0928,-0.57
1.1012,1.1001,1.1083,1.0964,0.08
1.1003,1.1105,1.1198,1.0994,-1.44
1.1164,1.1035,1.1218,1.1029,1.14
1.1038,1.1075,1.1125,1.0989,-0.35
1.1077,1.101,1.1094,1.0972,0.58
1.1013,1.1054,1.1061,1.0915,-0.4
1.1057,1.0991,1.1097,1.0967,-0.51
1.1114,1.1084,1.1119,1.1064,0.27
1.1084,1.1052,1.1123,1.103,0.27
1.1054,1.1138,1.1173,1.1041,-0.75
1.1138,1.1234,1.1245,1.1111,-0.87
1.1236,1.103,1.1279,1.0953,0.63
1.1166,1.1205,1.1221,1.1129,-0.34
1.1204,1.1203,1.1227,1.1152,-0.03
1.1207,1.1169,1.1237,1.1154,0.33
1.117,1.134,1.1348,1.1134,-1.51
1.1341,1.1362,1.1411,1.1311,-0.11
1.1353,1.1359,1.1393,1.1291,-0.06
1.136,1.1335,1.1438,1.1329,0.2
1.1337,1.1247,1.136,1.1211,0.79
1.1248,1.1281,1.1331,1.1204,-0.31
1.1283,1.1225,1.1295,1.1188,0.12
1.1269,1.1256,1.1298,1.115,0.1
1.1258,1.1324,1.1332,1.1182,-0.6
1.1326,1.1283,1.1386,1.1259,0.38
1.1283,1.1291,1.1345,1.1213,-0.08
1.1292,1.1112,1.1306,1.108,1.61
1.1113,1.1237,1.1281,1.1048,-1.12
1.1239,1.1274,1.1381,1.1225,-0.32
1.1275,1.1151,1.1284,1.1078,1.08
1.1155,1.0925,1.1194,1.0913,2.08
1.0928,1.0986,1.0991,1.0886,-0.55
1.0988,1.0947,1.1006,1.0925,0.36
1.0949,1.0903,1.096,1.0867,0.4
1.0905,1.0871,1.0931,1.0818,0.29
1.0874,1.0977,1.0984,1.0862,-0.95
1.0978,1.1003,1.1012,1.0958,-0.36
1.1018,1.1112,1.1211,1.1001,-0.85
1.1113,1.1092,1.1181,1.1079,0.18
1.1093,1.1148,1.1156,1.1061,-0.51
1.115,1.1314,1.1328,1.1117,-1.47
1.1316,1.144,1.145,1.1297,-1.2
1.1453,1.1408,1.1467,1.1323,0.38
1.141,1.1357,1.1447,1.1339,0.46
1.1358,1.1212,1.1384,1.1201,1.28
1.1214,1.1154,1.1278,1.1133,0.53
1.1155,1.1196,1.1207,1.113,-0.44
1.1204,1.1265,1.1289,1.1177,-0.55
1.1266,1.1346,1.1393,1.1236,-0.78
1.1354,1.1184,1.1373,1.1174,1.5
1.1186,1.1145,1.1223,1.1065,0.36
1.1146,1.12,1.1226,1.1121,-0.49
1.1201,1.1221,1.1291,1.1174,-0.2
1.1224,1.1128,1.1268,1.107,0.83
1.1132,1.098,1.1189,1.0958,1.38
1.0981,1.0892,1.0992,1.0858,0.84
1.0889,1.087,1.0928,1.0818,0.14
1.0874,1.0823,1.0901,1.0783,0.44
1.0826,1.0724,1.0848,1.0665,0.92
1.0727,1.0735,1.0801,1.0707,-0.08
1.0736,1.0737,1.0783,1.0658,-0.01
1.0737,1.082,1.0825,1.0711,-0.65
1.0807,1.076,1.085,1.0735,0.43
1.0761,1.0683,1.0818,1.0623,0.69
1.0687,1.0653,1.0702,1.057,0.31
1.0654,1.0565,1.0709,1.0529,0.81
1.0568,1.06,1.0619,1.0519,-0.34
1.0604,1.0658,1.0685,1.0567,-0.52
1.0659,1.078,1.0789,1.0636,-1.12
1.078,1.0814,1.0889,1.0763,-0.33
1.0816,1.0919,1.0957,1.0802,-0.98
1.0923,1.0988,1.1038,1.0909,-0.5
1.0978,1.0881,1.1028,1.0862,0.87
1.0883,1.0762,1.0905,1.0749,1.11
1.0764,1.0733,1.0801,1.0717,0.31
1.0731,1.0832,1.0846,1.0712,-0.95
1.0834,1.0887,1.0897,1.0809,-0.51
1.0889,1.0884,1.095,1.08,0.05
1.0884,1.0968,1.1052,1.0855,-0.8
1.0972,1.0923,1.1017,1.0899,0.42
1.0926,1.0945,1.1032,1.0889,-0.18
1.0946,1.0836,1.0973,1.0766,1.15
1.0822,1.0659,1.0883,1.0648,1.52
1.066,1.0865,1.0915,1.0612,-1.9
1.0866,1.0596,1.1033,1.0579,2.54
1.0597,1.0566,1.0651,1.055,0.26
1.0569,1.0492,1.0621,1.0456,0.71
1.0495,1.0635,1.0639,1.046,-1.32
1.0635,1.0546,1.0683,1.0494,0.83
1.0547,1.0697,1.0718,1.0509,-1.41
1.0698,1.085,1.0856,1.0691,-1.42
1.0852,1.083,1.0908,1.0821,0.07
1.0844,1.1031,1.1035,1.084,-1.7
1.1031,1.1077,1.1116,1.0986,-0.43
1.1079,1.1176,1.1187,1.106,-0.87
1.1176,1.1181,1.1219,1.1153,-0.07
1.1184,1.1186,1.1241,1.1158,-0.11
1.1196,1.1197,1.1247,1.1175,-0.02
1.1198,1.1359,1.1381,1.1182,-1.43
1.1361,1.1339,1.1388,1.1334,0.18
1.1341,1.1334,1.136,1.1287,0.07
1.1333,1.1382,1.1415,1.1294,-0.42
1.1381,1.1367,1.143,1.1278,0.13
1.1366,1.1396,1.145,1.1354,-0.28
1.1398,1.141,1.1418,1.1332,-0.12
1.1412,1.1352,1.145,1.132,0.52
1.1353,1.1384,1.1429,1.1317,-0.28
1.1385,1.1401,1.1443,1.1378,-0.16
1.1403,1.1333,1.1423,1.1301,0.61
1.1334,1.1319,1.1349,1.1278,0.11
1.1321,1.1325,1.1346,1.1272,-0.03
1.1324,1.1314,1.136,1.1269,0.07
1.1316,1.1475,1.1488,1.131,-1.4
1.1477,1.1343,1.15,1.1302,1.15
1.1346,1.148,1.1486,1.1315,-1.18
1.1481,1.1341,1.1534,1.1311,1.23
1.1342,1.1282,1.1364,1.1278,0.48
1.1288,1.1319,1.1365,1.1277,-0.28
1.132,1.1286,1.1369,1.126,0.28
1.1288,1.138,1.1385,1.1274,-0.82
1.1381,1.1236,1.1422,1.1223,1.26
1.1239,1.1184,1.1297,1.1098,0.28
1.1208,1.1365,1.1374,1.1113,-1.39
1.1366,1.1609,1.1647,1.1316,-2.1
1.161,1.155,1.1677,1.154,0.52
1.155,1.1604,1.1616,1.1539,-0.47
1.1605,1.1549,1.1641,1.1544,0.31
1.1569,1.163,1.165,1.1459,-0.52
1.163,1.1787,1.1796,1.1567,-1.35
1.1789,1.1772,1.1845,1.1726,0.14
1.1772,1.1832,1.186,1.1752,-0.52
1.1834,1.1837,1.1871,1.1785,-0.07
1.1842,1.1791,1.1848,1.1761,0.42
1.1792,1.1839,1.1847,1.1753,-0.41
1.184,1.1889,1.1899,1.18,-0.41
1.1889,1.1932,1.1969,1.1883,-0.37
1.1933,1.2001,1.2008,1.188,-0.58
1.2003,1.2103,1.211,1.1999,-0.83
1.2104,1.2098,1.2107,1.2092,0.04
